id;login;first_name;last_name;email;image_url;activated;lang_key
1;"O";Iván;Archuleta Marroquín;Ramon_ReyesCuellar@yahoo.com;severe following;false;likewise
2;"iFpK";Fernando;Sanabria Carmona;Elsa.CurielOlivera@gmail.com;down culminate plastic;true;fathom thr
3;"BhNSTX";Teresa;Jaramillo Burgos;Teresa17@hotmail.com;longingly;false;ack recove
4;"bbwXh";Laura;Córdova Reyes;Samuel72@gmail.com;scale gah yippee;true;anti sad f
5;"UIh";Guillermo;Camacho Fuentes;Estela_CarbajalOlvera88@yahoo.com;millet viciously usually;false;loyally re
6;"UsEg";Juana;Menchaca Rivero;Mateo_PinaSalinas44@gmail.com;if;true;repossess 
7;"1c0J0";Martín;Noriega Perea;Pedro_CervantezFonseca@yahoo.com;synthesise;false;equally
8;"WzFN";Ramona;Cortéz Lemus;Estela11@yahoo.com;and;true;creative s
9;"T@yC\hX\T1K1m4N";María Eugenia;Ortiz Candelaria;Nicolas_ReynaBarraza68@yahoo.com;upright;true;meanwhile 
10;"AuM";Octavio;Rocha Villanueva;Irene41@gmail.com;even round yuck;false;elver yet
